ApplicantIncome,LoanAmount,Loan_Amount_Term,Credit_History,EMI,EMI_Income_Ratio,Loan_Status
18688,11144,180,1.0,61.91111111111111,0.0033128805175038053,1
20319,5097,120,1.0,42.475,0.002090407992519317,1
23930,3478,24,1.0,144.91666666666666,0.0060558573617495465,1
22100,6716,360,0.0,18.655555555555555,0.0008441427853192559,0
21545,5914,36,0.0,164.27777777777777,0.007624867847657358,0
5977,3263,24,1.0,135.95833333333334,0.022746918744074508,1
23754,1221,240,0.0,5.0875,0.00021417445482866044,0
6653,10533,360,0.0,29.258333333333333,0.004397765419109174,0
10694,1976,240,1.0,8.233333333333333,0.0007699021258026307,1
5175,840,240,1.0,3.5,0.000676328502415459,1
4513,9368,240,1.0,39.03333333333333,0.00864908782037078,1
2936,6788,12,1.0,565.6666666666666,0.19266575840145322,1
2704,1204,180,1.0,6.688888888888889,0.0024737015121630507,1
24846,7243,36,0.0,201.19444444444446,0.008097659359431878,0
8145,6227,240,0.0,25.945833333333333,0.00318549212195621,0
2980,14255,360,1.0,39.59722222222222,0.01328765846383296,1
18648,975,36,0.0,27.083333333333332,0.0014523452023452023,0
13879,5335,36,0.0,148.19444444444446,0.0106776024529465,0
17813,13371,360,1.0,37.141666666666666,0.002085087670053706,1
20610,8152,120,1.0,67.93333333333334,0.0032961345625101084,1
13690,1170,60,0.0,19.5,0.0014243973703433163,0
14933,14409,360,0.0,40.025,0.002680305363959017,0
22273,10667,24,1.0,444.4583333333333,0.019955027761564822,1
13080,786,36,0.0,21.833333333333332,0.0016692150866462793,0
12018,13862,36,0.0,385.05555555555554,0.03203990310830051,0
14735,2056,24,1.0,85.66666666666667,0.005813821965840968,1
13454,9180,240,0.0,38.25,0.0028430206629998516,0
6390,6690,180,0.0,37.166666666666664,0.005816379760041732,0
14837,6102,12,0.0,508.5,0.03427242704050684,0
14416,1390,36,0.0,38.611111111111114,0.0026783512146997166,0
8291,612,120,0.0,5.1,0.0006151248341575202,0
21253,7781,180,0.0,43.227777777777774,0.002033961218546924,0
18308,12050,60,1.0,200.83333333333334,0.010969703590415847,1
12217,14868,120,1.0,123.9,0.010141605958909717,1
13477,14837,24,1.0,618.2083333333334,0.04587136108431649,1
12954,12471,12,0.0,1039.25,0.08022618496217385,0
17060,5571,60,0.0,92.85,0.005442555685814771,0
22433,11383,60,0.0,189.71666666666667,0.00845703502280866,0
10295,6346,12,1.0,528.8333333333334,0.05136797798283957,1
5667,3369,240,1.0,14.0375,0.002477060172931004,1
2135,3434,120,0.0,28.616666666666667,0.013403590944574552,0
20480,9567,24,1.0,398.625,0.019464111328125,1
5862,12864,120,1.0,107.2,0.018287273967929035,1
18700,12514,24,0.0,521.4166666666666,0.027883244206773617,0
24137,736,60,0.0,12.266666666666667,0.0005082100785792214,0
3169,3690,24,1.0,153.75,0.048516882297254656,1
13791,5445,120,1.0,45.375,0.003290189253861214,1
12038,960,60,1.0,16.0,0.0013291244392756273,1
14593,7469,12,1.0,622.4166666666666,0.04265172799744169,1
2097,6139,360,1.0,17.052777777777777,0.008131987495363747,1
23349,5971,60,0.0,99.51666666666667,0.004262138278584379,0
14684,4586,180,0.0,25.477777777777778,0.0017350706740518781,0
5104,11844,240,1.0,49.35,0.009668887147335423,1
11642,13374,120,1.0,111.45,0.009573097405943996,1
21497,1586,12,0.0,132.16666666666666,0.006148144702361569,0
4065,13648,180,0.0,75.82222222222222,0.018652453191198577,0
23274,9028,360,0.0,25.07777777777778,0.001077501838007123,0
12914,9988,180,1.0,55.48888888888889,0.004296801060003785,1
18382,7301,120,0.0,60.84166666666667,0.00330985021579081,0
16056,12569,12,0.0,1047.4166666666667,0.06523521840225877,0
23322,3442,240,1.0,14.341666666666667,0.0006149415430351886,1
23046,6318,12,1.0,526.5,0.02284561312158292,1
16563,8012,12,1.0,667.6666666666666,0.04031073275775322,1
15191,5499,180,1.0,30.55,0.0020110591797774997,1
21256,7380,24,0.0,307.5,0.014466503575461045,0
13989,9558,24,0.0,398.25,0.02846879691185932,0
18365,7336,60,1.0,122.26666666666667,0.006657591432979399,1
21892,2138,360,1.0,5.938888888888889,0.00027128123921473093,1
19873,8372,60,1.0,139.53333333333333,0.007021251614418222,1
6613,4687,120,1.0,39.05833333333333,0.005906295680225817,1
17537,9537,36,1.0,264.9166666666667,0.015106156507194313,1
16806,2001,24,0.0,83.375,0.004961025824110437,0
16841,13768,180,1.0,76.4888888888889,0.004541825835098206,1
5617,10036,12,0.0,836.3333333333334,0.1488932407572251,0
20011,7515,24,0.0,313.125,0.01564764379591225,0
4949,12487,120,0.0,104.05833333333334,0.021026133225567456,0
20811,11343,60,1.0,189.05,0.00908413819614627,1
5040,13267,60,0.0,221.11666666666667,0.0438723544973545,0
10032,1068,240,0.0,4.45,0.0004435805422647528,0
16020,5245,12,1.0,437.0833333333333,0.027283603828547647,1
21220,6996,12,1.0,583.0,0.02747408105560792,1
12184,5867,36,0.0,162.97222222222223,0.013375921062230978,0
10507,12217,180,0.0,67.87222222222222,0.006459714687562789,0
3809,8505,180,0.0,47.25,0.01240483066421633,0
13341,5920,24,0.0,246.66666666666666,0.018489368613047497,0
3246,6891,24,1.0,287.125,0.08845502156500308,1
20469,7864,360,0.0,21.844444444444445,0.0010671964651152693,0
14168,11254,240,0.0,46.891666666666666,0.0033096884999058913,0
12104,4698,60,1.0,78.3,0.006468935888962326,1
15580,12370,60,0.0,206.16666666666666,0.01323277706461275,0
3576,2881,240,0.0,12.004166666666666,0.0033568698732289338,0
18441,6900,180,1.0,38.333333333333336,0.002078701444245612,1
14758,1690,180,1.0,9.38888888888889,0.0006361897878363525,1
21639,4358,120,1.0,36.31666666666667,0.0016782969021981917,1
22291,800,36,0.0,22.22222222222222,0.0009969145494693923,0
8555,11558,36,1.0,321.05555555555554,0.037528410935775046,1
20830,2080,360,1.0,5.777777777777778,0.0002773777137675361,1
9017,5855,60,0.0,97.58333333333333,0.010822150752282725,0
7434,1627,36,1.0,45.19444444444444,0.006079424864735599,1
24451,4164,60,1.0,69.4,0.002838329720665822,1
19072,4812,120,0.0,40.1,0.0021025587248322147,0
23849,3033,36,1.0,84.25,0.003532642878108097,1
2804,4465,12,1.0,372.0833333333333,0.1326973371374227,1
18109,5335,180,0.0,29.63888888888889,0.0016366938477491242,0
4413,5661,12,1.0,471.75,0.10690006798096532,1
16435,4587,240,0.0,19.1125,0.0011629145117128081,0
17657,10931,240,0.0,45.545833333333334,0.002579477449925431,0
12530,13163,12,0.0,1096.9166666666667,0.08754322958233574,0
19227,5011,24,0.0,208.79166666666666,0.010859295088504013,0
8035,2341,180,0.0,13.005555555555556,0.0016186130125146927,0
13590,12178,12,1.0,1014.8333333333334,0.07467500613195978,1
21495,8824,120,0.0,73.53333333333333,0.0034209506086686826,0
20847,4879,60,1.0,81.31666666666666,0.0039006411793863225,1
3890,1812,24,1.0,75.5,0.019408740359897172,1
19108,5480,24,1.0,228.33333333333334,0.01194961970553346,1
10333,8209,60,0.0,136.81666666666666,0.013240749701603277,0
6301,1015,360,0.0,2.8194444444444446,0.00044745983882628863,0
2888,2936,60,0.0,48.93333333333333,0.016943674976915974,0
3064,10982,60,0.0,183.03333333333333,0.059736727589208005,0
19414,14649,360,1.0,40.69166666666667,0.0020959960166203086,1
4006,4457,120,1.0,37.141666666666666,0.009271509402562822,1
6328,8188,12,1.0,682.3333333333334,0.10782764433206912,1
15061,941,240,1.0,3.9208333333333334,0.00026033021269061373,1
7455,13078,60,1.0,217.96666666666667,0.029237648110887547,1
4712,13881,360,0.0,38.55833333333333,0.008183007923033388,0
10781,3319,120,1.0,27.658333333333335,0.0025654701171814614,1
16289,1418,12,1.0,118.16666666666667,0.007254384349356417,1
12886,7680,36,1.0,213.33333333333334,0.01655543483884319,1
20884,9286,360,0.0,25.794444444444444,0.001235129498393241,0
11320,6088,24,1.0,253.66666666666666,0.02240871613663133,1
6803,3868,240,0.0,16.116666666666667,0.002369052868832378,0
24040,9581,12,1.0,798.4166666666666,0.03321200776483638,1
16173,5895,24,1.0,245.625,0.015187349285846781,1
10553,9745,24,1.0,406.0416666666667,0.03847642060709435,1
5988,9774,36,1.0,271.5,0.04534068136272545,1
16460,5310,180,0.0,29.5,0.0017922235722964764,0
7025,14707,60,0.0,245.11666666666667,0.0348920521945433,0
2899,2194,120,1.0,18.283333333333335,0.006306772450270209,1
7277,5067,360,0.0,14.075,0.0019341761714992442,0
22546,3187,12,1.0,265.5833333333333,0.011779620923149707,1
9987,9260,24,0.0,385.8333333333333,0.03863355695737792,0
14975,2073,120,1.0,17.275,0.0011535893155258763,1
13907,3338,180,1.0,18.544444444444444,0.001333461166638703,1
21256,8024,180,1.0,44.577777777777776,0.002097185631246602,1
5153,9810,360,0.0,27.25,0.00528818164176208,0
19937,5636,240,0.0,23.483333333333334,0.0011778769791509923,0
10358,5094,360,0.0,14.15,0.0013660938405097509,0
7145,13376,60,0.0,222.93333333333334,0.03120130627478423,0
12155,5215,36,0.0,144.86111111111111,0.011917820741350154,0
4955,13765,240,1.0,57.354166666666664,0.011575008409014462,1
13853,5896,360,0.0,16.377777777777776,0.001182254946782486,0
15357,5765,120,0.0,48.041666666666664,0.003128323674328753,0
11087,4519,180,0.0,25.105555555555554,0.002264413777898039,0
13440,3693,120,0.0,30.775,0.0022898065476190475,0
17261,1747,12,1.0,145.58333333333334,0.008434235173705657,1
3191,4927,360,1.0,13.686111111111112,0.004288972457258261,1
8004,3502,24,0.0,145.91666666666666,0.01823046809928369,0
13126,10548,12,1.0,879.0,0.06696632637513332,1
16460,5284,36,1.0,146.77777777777777,0.008917240448224652,1
20445,14470,240,0.0,60.291666666666664,0.0029489687780223364,0
17665,13538,120,1.0,112.81666666666666,0.00638645155203321,1
6902,6379,360,1.0,17.719444444444445,0.0025672912843298238,1
18697,13603,60,0.0,226.71666666666667,0.012125831238523115,0
15243,3130,60,0.0,52.166666666666664,0.003422335935620722,0
21546,12963,180,1.0,72.01666666666667,0.0033424610909991025,1
20694,9629,180,1.0,53.49444444444445,0.0025850219602031725,1
16443,5519,360,0.0,15.330555555555556,0.0009323454087183334,0
4418,13819,120,1.0,115.15833333333333,0.02606571601026105,1
6938,2786,60,0.0,46.43333333333333,0.0066926107427692895,0
5611,3322,360,0.0,9.227777777777778,0.0016445870215251786,0
11983,5686,360,1.0,15.794444444444444,0.0013180709709124964,1
19877,11042,12,1.0,920.1666666666666,0.04629303550166859,1
19426,13178,60,0.0,219.63333333333333,0.011306153265383163,0
24522,8590,240,0.0,35.791666666666664,0.0014595737161188591,0
17454,7548,24,0.0,314.5,0.018018792253924602,0
3275,12499,360,0.0,34.71944444444444,0.010601357082273112,0
7032,4575,36,1.0,127.08333333333333,0.01807214637846037,1
6686,1623,24,1.0,67.625,0.010114418187256955,1
5700,14556,240,1.0,60.65,0.010640350877192983,1
23742,1175,60,0.0,19.583333333333332,0.0008248392440962569,0
21426,11323,240,1.0,47.17916666666667,0.0022019586794859826,1
7716,6212,240,1.0,25.883333333333333,0.0033545014688094003,1
4942,3674,24,0.0,153.08333333333334,0.030975988128962635,0
15381,11585,120,1.0,96.54166666666667,0.006276683353921505,1
12924,4852,60,0.0,80.86666666666666,0.006257092747343443,0
7678,3053,60,1.0,50.88333333333333,0.006627159850655553,1
4996,1323,12,1.0,110.25,0.022067654123298638,1
13495,14271,120,1.0,118.925,0.008812523156724712,1
18539,12123,120,0.0,101.025,0.005449323048708129,0
2015,11335,360,0.0,31.48611111111111,0.01562586159360353,0
18743,12338,240,0.0,51.40833333333333,0.0027428017571004284,0
10975,8799,60,0.0,146.65,0.013362186788154899,0
21407,8094,36,0.0,224.83333333333334,0.010502795035891688,0
17984,9486,360,1.0,26.35,0.0014651912811387902,1
9107,13048,36,1.0,362.44444444444446,0.0397984456401059,1
16295,7676,12,1.0,639.6666666666666,0.039255395315536463,1
24466,5927,120,1.0,49.391666666666666,0.0020187879778740567,1
11875,5007,12,0.0,417.25,0.03513684210526316,0
14159,9622,60,0.0,160.36666666666667,0.011326129434752925,0
14652,836,60,0.0,13.933333333333334,0.000950950950950951,0
7770,3645,180,0.0,20.25,0.0026061776061776063,0
10346,8705,36,0.0,241.80555555555554,0.023371888223038425,0
4279,1632,36,0.0,45.333333333333336,0.010594375632936045,0
13723,6868,180,0.0,38.15555555555556,0.002780409207575279,0
6900,5576,180,0.0,30.977777777777778,0.004489533011272142,0
24970,5654,60,0.0,94.23333333333333,0.0037738619676945667,0
12018,7937,360,1.0,22.04722222222222,0.0018345167434034133,1
18148,9284,360,1.0,25.788888888888888,0.0014210320084245586,1
17820,7704,36,1.0,214.0,0.012008978675645342,1
12432,8574,120,1.0,71.45,0.005747265122265122,1
7404,10612,36,0.0,294.77777777777777,0.03981331412449727,0
16476,9444,180,1.0,52.46666666666667,0.0031844298778020558,1
11322,5355,12,1.0,446.25,0.039414414414414414,1
8003,5355,180,1.0,29.75,0.0037173559915031863,1
10517,6338,240,1.0,26.408333333333335,0.0025110139139805396,1
5837,11662,360,1.0,32.394444444444446,0.005549844859421697,1
24796,9436,180,1.0,52.422222222222224,0.002114140273520819,1
23694,5071,36,0.0,140.86111111111111,0.0059450118642319204,0
12567,12948,240,1.0,53.95,0.004292989575873319,1
19821,2285,180,1.0,12.694444444444445,0.0006404542881007237,1
11693,13424,24,0.0,559.3333333333334,0.047834886969411905,0
14391,8683,12,0.0,723.5833333333334,0.05028026775994256,0
8829,5259,360,1.0,14.608333333333333,0.0016545852682447993,1
21861,9473,36,0.0,263.1388888888889,0.012036909971588166,0
2032,1773,240,0.0,7.3875,0.0036355807086614175,0
24076,8770,240,1.0,36.541666666666664,0.001517763194329069,1
11246,12942,360,1.0,35.95,0.003196692157211453,1
20779,2277,36,1.0,63.25,0.0030439385918475384,1
17255,14031,12,0.0,1169.25,0.06776296725586786,0
23483,5077,180,1.0,28.205555555555556,0.0012011052912981968,1
8045,9578,180,1.0,53.21111111111111,0.006614184103307782,1
16422,6612,180,1.0,36.733333333333334,0.0022368367636909836,1
2286,5037,12,1.0,419.75,0.18361767279090113,1
23238,12690,120,0.0,105.75,0.004550735863671573,0
9628,14201,12,0.0,1183.4166666666667,0.12291407007339704,0
7039,10312,180,0.0,57.28888888888889,0.008138782339663147,0
23755,13156,12,0.0,1096.3333333333333,0.0461516873640637,0
12467,4838,120,0.0,40.31666666666667,0.0032338707521189277,0
16277,12389,36,0.0,344.1388888888889,0.02114264845419235,0
16340,10049,120,1.0,83.74166666666666,0.005124949000407997,1
14361,7722,60,0.0,128.7,0.008961771464382703,0
15620,14800,240,0.0,61.666666666666664,0.003947930004268033,0
9342,14652,240,0.0,61.05,0.006535003211303789,0
22367,9168,240,0.0,38.2,0.001707873206062503,0
22527,9981,180,1.0,55.45,0.0024614906556576555,1
10941,3203,240,0.0,13.345833333333333,0.0012198001401456295,0
21198,5898,360,1.0,16.383333333333333,0.0007728716545586062,1
4122,9360,180,0.0,52.0,0.012615235322658904,0
9558,5039,120,1.0,41.99166666666667,0.004393352863221037,1
17936,13614,360,0.0,37.81666666666667,0.002108422539399346,0
17309,10386,24,0.0,432.75,0.025001444335316887,0
9004,7383,24,1.0,307.625,0.03416537094624611,1
12244,12538,360,1.0,34.827777777777776,0.002844477113506842,1
14957,14977,180,1.0,83.20555555555555,0.005562984258578294,1
21930,13416,24,1.0,559.0,0.025490196078431372,1
13726,11816,12,1.0,984.6666666666666,0.0717373354703968,1
24628,14718,180,1.0,81.76666666666667,0.0033200692978182017,1
11826,9951,120,0.0,82.925,0.0070120920006764755,0
5371,4378,120,0.0,36.483333333333334,0.006792651895984609,0
6460,3596,120,1.0,29.966666666666665,0.0046388028895768835,1
17436,9284,120,0.0,77.36666666666666,0.004437179781295404,0
9647,8993,120,1.0,74.94166666666666,0.007768390864171935,1
8896,991,36,1.0,27.52777777777778,0.0030943994804156676,1
22628,7579,360,0.0,21.052777777777777,0.0009303861489207079,0
21543,12388,24,1.0,516.1666666666666,0.02395983227343762,1
22039,1810,240,1.0,7.541666666666667,0.0003421964093954656,1
19666,7880,36,1.0,218.88888888888889,0.01113032080183509,1
10315,14725,240,1.0,61.354166666666664,0.005948052997253191,1
19897,7035,180,1.0,39.083333333333336,0.0019642827226885127,1
5931,12969,12,0.0,1080.75,0.18222053616590794,0
9922,13925,360,1.0,38.68055555555556,0.003898463571412574,1
22341,14887,360,1.0,41.352777777777774,0.0018509815038618583,1
19476,14347,60,0.0,239.11666666666667,0.012277503936468816,0
12216,3528,12,0.0,294.0,0.02406679764243615,0
9394,4993,12,0.0,416.0833333333333,0.044292456177702076,0
10715,7625,120,0.0,63.541666666666664,0.005930160211541452,0
8896,9299,120,1.0,77.49166666666666,0.008710843824940048,1
2479,13513,12,0.0,1126.0833333333333,0.4542490251445475,0
17823,4842,360,0.0,13.45,0.0007546428771811704,0
13039,14485,24,0.0,603.5416666666666,0.04628741979190633,0
13392,12604,36,1.0,350.1111111111111,0.02614330280100889,1
16795,5837,60,1.0,97.28333333333333,0.005792398531308921,1
24534,6352,36,1.0,176.44444444444446,0.0071918335552475935,1
24006,5971,24,0.0,248.79166666666666,0.010363728512316366,0
15044,2160,60,1.0,36.0,0.0023929805902685457,1
5471,4068,180,0.0,22.6,0.004130871869859258,0
18109,11909,120,1.0,99.24166666666666,0.005480240027978721,1
21974,4992,12,0.0,416.0,0.018931464457995813,0
22241,14594,24,1.0,608.0833333333334,0.027340647153155585,1
6824,10469,180,0.0,58.16111111111111,0.008523023316399635,0
11557,4470,120,0.0,37.25,0.0032231547979579478,0
4860,815,12,1.0,67.91666666666667,0.013974622770919069,1
7520,4063,60,0.0,67.71666666666667,0.009004875886524823,0
20434,11723,180,1.0,65.12777777777778,0.003187226082890172,1
4084,14501,120,1.0,120.84166666666667,0.029589046686255307,1
16270,2485,120,0.0,20.708333333333332,0.0012727924605613603,0
9243,5568,240,1.0,23.2,0.0025100075732987126,1
24085,13790,12,0.0,1149.1666666666667,0.04771296104075843,0
24614,10674,36,0.0,296.5,0.01204599008694239,0
13706,4001,36,1.0,111.13888888888889,0.008108776367203334,1
5381,9906,12,1.0,825.5,0.15341014681286005,1
6538,2002,36,1.0,55.611111111111114,0.008505829169640733,1
21115,6329,36,0.0,175.80555555555554,0.008326097824085036,0
18533,9729,360,1.0,27.025,0.0014582096800302162,1
12365,9168,240,1.0,38.2,0.003089365143550344,1
18106,6800,120,1.0,56.666666666666664,0.00312971758901285,1
20146,2680,60,0.0,44.666666666666664,0.002217148151825011,0
16118,11092,36,0.0,308.1111111111111,0.019115964208407436,0
16236,12840,60,1.0,214.0,0.013180586351318059,1
19923,10745,36,0.0,298.47222222222223,0.01498128907404619,0
22653,3916,12,0.0,326.3333333333333,0.014405744640150679,0
10850,10214,24,0.0,425.5833333333333,0.03922427035330261,0
22259,12316,180,1.0,68.42222222222222,0.0030739126745236633,1
14947,10872,240,0.0,45.3,0.003030708503378604,0
4052,10024,120,0.0,83.53333333333333,0.020615333991444555,0
24737,3740,36,1.0,103.88888888888889,0.004199736786550062,1
21243,13351,240,1.0,55.62916666666667,0.002618705769743759,1
6467,10431,36,0.0,289.75,0.04480439152620999,0
12484,3571,12,1.0,297.5833333333333,0.02383717825483285,1
6836,9687,36,1.0,269.0833333333333,0.03936268773161693,1
11672,4753,240,1.0,19.804166666666667,0.0016967243545807631,1
4695,5675,12,0.0,472.9166666666667,0.10072772452964146,0
12825,9183,24,1.0,382.625,0.02983430799220273,1
2981,5812,24,0.0,242.16666666666666,0.08123672145812368,0
21314,7669,24,1.0,319.5416666666667,0.014992102217634732,1
13247,6359,36,1.0,176.63888888888889,0.013334255974098957,1
15951,8886,60,0.0,148.1,0.009284684345809039,0
19222,4610,60,1.0,76.83333333333333,0.0039971560364859705,1
18714,4954,36,1.0,137.61111111111111,0.007353377744528755,1
15870,8883,60,1.0,148.05,0.009328922495274103,1
18784,10300,360,0.0,28.61111111111111,0.0015231639220140071,0
23529,2512,24,0.0,104.66666666666667,0.004448411180528993,0
16977,2727,240,0.0,11.3625,0.0006692878600459446,0
2841,10405,36,0.0,289.02777777777777,0.10173452227306504,0
14286,7747,240,0.0,32.27916666666667,0.002259496476737132,0
13651,11736,36,0.0,326.0,0.0238810343564574,0
12109,3176,24,0.0,132.33333333333334,0.010928510474302862,0
17625,4043,240,1.0,16.845833333333335,0.000955791962174941,1
23034,9524,360,0.0,26.455555555555556,0.0011485436986869652,0
9018,857,12,0.0,71.41666666666667,0.007919346492200784,0
21937,8128,24,1.0,338.6666666666667,0.015438148637765724,1
5949,10313,240,1.0,42.97083333333333,0.007223202779178573,1
10873,8101,360,1.0,22.502777777777776,0.002069601561462133,1
19898,10690,36,1.0,296.94444444444446,0.014923331211400364,1
3211,2087,36,1.0,57.97222222222222,0.01805425793280044,1
8620,7834,240,1.0,32.641666666666666,0.0037867362722351122,1
8117,6726,360,0.0,18.683333333333334,0.0023017535214159583,0
21467,14017,24,1.0,584.0416666666666,0.02720648747690253,1
23296,6816,60,1.0,113.6,0.004876373626373626,1
13620,7211,240,1.0,30.045833333333334,0.002206008321096427,1
2557,1915,12,0.0,159.58333333333334,0.06241037674357972,0
18532,7023,360,0.0,19.508333333333333,0.0010526836463054896,0
24887,13593,60,0.0,226.55,0.009103146220918552,0
12314,5455,120,1.0,45.458333333333336,0.003691597639543068,1
14698,6834,120,1.0,56.95,0.003874676826779154,1
21323,2378,24,1.0,99.08333333333333,0.004646782035048226,1
8903,2700,60,0.0,45.0,0.0050544760193193304,0
2909,9044,240,1.0,37.68333333333333,0.012954050647416063,1
2661,9873,240,0.0,41.1375,0.015459413754227736,0
10368,8351,24,1.0,347.9583333333333,0.03356079603909465,1
5224,10614,240,1.0,44.225,0.008465735068912711,1
11637,3725,360,1.0,10.347222222222221,0.0008891657834684387,1
12728,1881,240,0.0,7.8375,0.0006157683846637335,0
17213,4197,24,0.0,174.875,0.010159472491721373,0
16826,9512,120,0.0,79.26666666666667,0.004710963191885574,0
24905,4166,240,1.0,17.358333333333334,0.0006969818644181222,1
23943,9790,12,1.0,815.8333333333334,0.03407398126105055,1
7358,1908,360,1.0,5.3,0.0007203044305517804,1
23630,3858,24,0.0,160.75,0.006802793059669911,0
2762,8787,36,1.0,244.08333333333334,0.0883719526912865,1
14510,1826,60,0.0,30.433333333333334,0.0020974040891339305,0
10741,8127,180,0.0,45.15,0.004203519225398008,0
10853,5912,240,1.0,24.633333333333333,0.0022697257286771705,1
7139,5260,240,1.0,21.916666666666668,0.0030699911285427465,1
11383,13026,12,1.0,1085.5,0.09536150399718879,1
21357,7220,24,1.0,300.8333333333333,0.014085935914844468,1
17983,8588,360,1.0,23.855555555555554,0.0013265615056195048,1
16592,5014,120,1.0,41.78333333333333,0.0025182819029251043,1
22436,756,240,1.0,3.15,0.00014039935817436263,1
23474,4956,36,0.0,137.66666666666666,0.005864644571298741,0
12816,10201,360,0.0,28.336111111111112,0.00221099493688445,0
21100,11982,120,0.0,99.85,0.004732227488151658,0
10695,7118,24,0.0,296.5833333333333,0.027731026959638458,0
10343,3639,24,0.0,151.625,0.014659673208933579,0
8529,13632,60,1.0,227.2,0.026638527377183724,1
11245,3635,180,1.0,20.194444444444443,0.0017958598883454373,1
4430,13420,24,0.0,559.1666666666666,0.12622272385252067,0
20065,4796,120,0.0,39.96666666666667,0.0019918597890190215,0
18809,4760,24,1.0,198.33333333333334,0.010544597444485796,1
6591,4048,36,1.0,112.44444444444444,0.017060301083969723,1
16601,14709,180,0.0,81.71666666666667,0.00492239423327912,0
4870,10854,60,1.0,180.9,0.03714579055441478,1
21103,2843,36,0.0,78.97222222222223,0.003742227276795822,0
7899,9813,240,0.0,40.8875,0.005176288137738955,0
8248,4728,24,1.0,197.0,0.02388457807953443,1
4130,4291,36,1.0,119.19444444444444,0.028860640301318265,1
7959,6104,36,1.0,169.55555555555554,0.021303625525261407,1
22277,2287,240,1.0,9.529166666666667,0.00042775807634181745,1
8395,6507,180,0.0,36.15,0.004306134603930911,0
8834,8655,180,0.0,48.083333333333336,0.005442985435061505,0
11837,9244,240,1.0,38.516666666666666,0.0032539213201543183,1
13957,9377,180,0.0,52.09444444444444,0.003732495840398685,0
7614,11961,60,0.0,199.35,0.026182033096926714,0
20166,14496,36,0.0,402.6666666666667,0.019967602234784623,0
18066,2175,36,1.0,60.416666666666664,0.003344219343887228,1
16851,787,120,1.0,6.558333333333334,0.00038919549779439403,1
9989,2310,180,0.0,12.833333333333334,0.001284746554543331,0
14339,6414,60,1.0,106.9,0.007455192133342632,1
8941,14906,12,1.0,1242.1666666666667,0.1389292771129255,1
4246,14051,180,0.0,78.06111111111112,0.01838462343643691,0
14032,13855,24,1.0,577.2916666666666,0.04114108228810338,1
14065,8589,60,1.0,143.15,0.010177746178457164,1
15871,14781,60,1.0,246.35,0.01552202129670468,1
14914,12525,36,0.0,347.9166666666667,0.02332819274954182,0
4290,6669,180,1.0,37.05,0.008636363636363636,1
23883,6001,36,0.0,166.69444444444446,0.006979627536090292,0
24433,8536,12,0.0,711.3333333333334,0.029113630472448467,0
23236,608,240,1.0,2.533333333333333,0.0001090262236759052,1
3363,10328,180,1.0,57.37777777777778,0.017061486106981202,1
10149,1786,120,0.0,14.883333333333333,0.001466482740499885,0
17711,9170,120,0.0,76.41666666666667,0.004314644382963507,0
3683,5153,24,1.0,214.70833333333334,0.05829713096207802,1
13997,13069,12,0.0,1089.0833333333333,0.07780833988235573,0
7652,1419,36,0.0,39.416666666666664,0.005151158738456177,0
5120,2063,60,1.0,34.38333333333333,0.006715494791666667,1
9761,5750,36,1.0,159.72222222222223,0.016363305216906283,1
19234,13796,24,0.0,574.8333333333334,0.029886312432844616,0
11561,14530,24,0.0,605.4166666666666,0.05236715393708733,0
23548,9096,180,0.0,50.53333333333333,0.002145971349300719,0
11541,8133,180,0.0,45.18333333333333,0.003915027582820668,0
19903,5366,24,0.0,223.58333333333334,0.011233649868529033,0
16817,2840,180,1.0,15.777777777777779,0.0009382040659914241,1
23864,12791,180,0.0,71.06111111111112,0.0029777535665065,0
20564,1426,24,0.0,59.416666666666664,0.0028893535628606625,0
19748,13281,36,0.0,368.9166666666667,0.018681216663290798,0
4929,14986,36,0.0,416.27777777777777,0.08445481391312189,0
2578,13927,12,0.0,1160.5833333333333,0.45018748383760016,0
3504,13659,360,1.0,37.94166666666667,0.010828101217656013,1
15199,3437,120,0.0,28.641666666666666,0.0018844441520275456,0
6440,1857,60,1.0,30.95,0.004805900621118012,1
13545,11565,60,1.0,192.75,0.014230343300110741,1
19406,13929,360,1.0,38.69166666666667,0.001993799168642001,1
6789,1156,180,1.0,6.4222222222222225,0.00094597469763179,1
21065,4703,12,0.0,391.9166666666667,0.0186051111638579,0
18094,4301,120,0.0,35.84166666666667,0.001980859216683247,0
4388,8203,60,1.0,136.71666666666667,0.03115694317836524,1
5692,9748,120,0.0,81.23333333333333,0.014271492152728977,0
19749,1285,120,0.0,10.708333333333334,0.0005422215470825527,0
22886,8482,60,1.0,141.36666666666667,0.006176993212735588,1
9905,1530,360,1.0,4.25,0.0004290762241292277,1
12312,13179,240,1.0,54.9125,0.004460079597141001,1
8670,3468,180,1.0,19.266666666666666,0.0022222222222222222,1
8780,6102,180,1.0,33.9,0.0038610478359908883,1
22528,12171,24,1.0,507.125,0.022510875355113636,1
10099,11208,24,0.0,467.0,0.04624220219823745,0
11790,1579,12,1.0,131.58333333333334,0.011160588068985016,1
2540,11153,12,0.0,929.4166666666666,0.3659120734908136,0
6362,11368,180,1.0,63.15555555555556,0.009926997100841804,1
11717,8017,240,1.0,33.40416666666667,0.00285091462547296,1
12478,12792,12,0.0,1066.0,0.08543035742907518,0
19446,11457,240,1.0,47.7375,0.002454875038568343,1
15779,2705,120,1.0,22.541666666666668,0.001428586517945793,1
5217,14747,36,0.0,409.6388888888889,0.0785200093710732,0
8468,1917,24,1.0,79.875,0.009432569674067076,1
18430,6348,36,0.0,176.33333333333334,0.009567733767408212,0
10188,10049,24,1.0,418.7083333333333,0.04109818741002486,1
16113,10224,36,0.0,284.0,0.01762551976664805,0
7310,2632,180,0.0,14.622222222222222,0.0020003039975680192,0
24204,3591,36,1.0,99.75,0.004121219633118493,1
18560,13942,24,1.0,580.9166666666666,0.03129938936781609,1
20088,13745,240,1.0,57.270833333333336,0.002850997278640648,1
10748,11034,240,1.0,45.975,0.0042775400074432455,1
6773,9983,240,1.0,41.59583333333333,0.006141419361189035,1
3656,10622,36,1.0,295.05555555555554,0.08070447362022853,1
4603,5682,120,0.0,47.35,0.010286769498153379,0
19667,3537,240,1.0,14.7375,0.0007493517059032898,1
18114,7057,240,1.0,29.404166666666665,0.00162328401604652,1
24809,11665,24,0.0,486.0416666666667,0.019591344538944202,0
8835,509,12,0.0,42.416666666666664,0.004800980946991134,0
17854,1581,60,0.0,26.35,0.0014758597513162318,0
9295,2827,360,0.0,7.852777777777778,0.0008448389217619986,0
21533,13694,120,1.0,114.11666666666666,0.005299617641139956,1
5065,3167,240,1.0,13.195833333333333,0.00260529779532741,1
5753,5999,360,0.0,16.663888888888888,0.0028965563860401337,0
22370,5226,360,1.0,14.516666666666667,0.0006489345850096857,1
10702,2697,360,0.0,7.491666666666666,0.0007000249174609107,0
12950,9920,24,0.0,413.3333333333333,0.03191763191763192,0
17318,10004,180,0.0,55.577777777777776,0.0032092492076323926,0
2914,2802,36,1.0,77.83333333333333,0.02671013498055365,1
17903,8306,24,1.0,346.0833333333333,0.019331024595505408,1
8206,14128,12,0.0,1177.3333333333333,0.14347225607279226,0
14807,9711,60,1.0,161.85,0.01093064091308165,1
16302,10749,36,0.0,298.5833333333333,0.01831574857890647,0
3787,5306,12,0.0,442.1666666666667,0.11675908810844117,0
10763,2024,240,0.0,8.433333333333334,0.0007835485769147388,0
19772,1987,360,0.0,5.519444444444445,0.0002791545844853553,0
14426,13054,60,0.0,217.56666666666666,0.015081565691575396,0
8674,6737,60,0.0,112.28333333333333,0.01294481592498655,0
21160,10837,36,1.0,301.02777777777777,0.014226265490443184,1
14926,1887,36,1.0,52.416666666666664,0.0035117691723614273,1
3871,11255,240,0.0,46.895833333333336,0.01211465598897787,0
10645,8265,36,0.0,229.58333333333334,0.02156724596837326,0
4367,3112,120,1.0,25.933333333333334,0.005938477978780246,1
15580,6154,180,1.0,34.18888888888889,0.002194408786193125,1
20428,9056,180,0.0,50.31111111111111,0.002462850553706242,0
18319,7252,24,1.0,302.1666666666667,0.016494714049165714,1
5616,5427,120,1.0,45.225,0.008052884615384616,1
6465,12420,360,0.0,34.5,0.0053364269141531325,0
6557,14702,120,0.0,122.51666666666667,0.018684866046464337,0
19392,10208,36,0.0,283.55555555555554,0.014622295562889622,0
22877,3102,60,0.0,51.7,0.0022599117017091403,0
17785,5926,60,0.0,98.76666666666667,0.005553368943866554,0
17843,4552,240,1.0,18.966666666666665,0.0010629752096994152,1
18962,7954,240,0.0,33.141666666666666,0.0017477938332805963,0
19571,1229,360,1.0,3.4138888888888888,0.00017443609876290883,1
23740,4524,120,1.0,37.7,0.0015880370682392587,1
20384,3344,240,0.0,13.933333333333334,0.0006835426478283621,0
6234,6850,240,0.0,28.541666666666668,0.004578387338252593,0
15218,9588,12,1.0,799.0,0.05250361414114864,1
7770,9138,12,1.0,761.5,0.09800514800514801,1
18255,2103,12,0.0,175.25,0.009600109559024924,0
22680,6439,120,1.0,53.65833333333333,0.0023658877131099354,1
7988,3092,120,0.0,25.766666666666666,0.0032256718410949756,0
14732,13132,12,0.0,1094.3333333333333,0.07428274051950402,0
7632,14098,240,1.0,58.74166666666667,0.007696759259259259,1
17537,8364,12,0.0,697.0,0.03974454011518504,0
15840,10926,180,1.0,60.7,0.0038320707070707075,1
3817,6470,180,1.0,35.94444444444444,0.00941693592990423,1
23118,6361,240,0.0,26.504166666666666,0.0011464731666522478,0
24081,5682,60,0.0,94.7,0.003932560940160292,0
10006,14522,180,0.0,80.67777777777778,0.008062940013769516,0
20572,519,60,0.0,8.65,0.0004204744312657982,0
19172,6747,360,0.0,18.741666666666667,0.000977554071910425,0
24253,3536,360,0.0,9.822222222222223,0.0004049899897836236,0
24338,4388,240,0.0,18.283333333333335,0.0007512257923138029,0
10809,14709,36,1.0,408.5833333333333,0.03780028988188855,1
4428,1558,180,1.0,8.655555555555555,0.0019547325102880655,1
4641,8382,12,1.0,698.5,0.15050635638870932,1
5131,13395,360,1.0,37.208333333333336,0.0072516728383031255,1
4672,9311,60,0.0,155.18333333333334,0.033215610730593606,0
3405,2055,360,1.0,5.708333333333333,0.001676456191874694,1
5891,7499,120,1.0,62.49166666666667,0.010607989588638036,1
15082,8552,12,1.0,712.6666666666666,0.047252795827255445,1
15620,7196,180,1.0,39.977777777777774,0.002559396784748897,1
4754,11866,360,0.0,32.96111111111111,0.006933342682185761,0
3151,1733,240,0.0,7.220833333333333,0.0022916005500899185,0
7220,4315,120,0.0,35.958333333333336,0.004980378578024008,0
12721,1844,60,0.0,30.733333333333334,0.0024159526242695808,0
10800,13761,24,0.0,573.375,0.05309027777777778,0
7232,8776,12,1.0,731.3333333333334,0.10112463126843659,1
7158,4470,60,1.0,74.5,0.010407935177423862,1
9026,2673,120,1.0,22.275,0.0024678705960558384,1
18229,13672,240,0.0,56.96666666666667,0.003125057143379597,0
16511,6322,24,1.0,263.4166666666667,0.015954010457674684,1
17751,9285,24,0.0,386.875,0.021794546786096557,0
5751,9277,120,1.0,77.30833333333334,0.013442589694545877,1
3166,12000,60,1.0,200.0,0.06317119393556538,1
22925,2682,240,0.0,11.175,0.0004874591057797165,0
24948,5757,360,0.0,15.991666666666667,0.0006409999465555021,0
15032,8353,240,1.0,34.80416666666667,0.002315338389214121,1
20212,4628,120,0.0,38.56666666666667,0.0019081073949468964,0
15413,14204,360,0.0,39.455555555555556,0.0025598881175342603,0
14970,14296,12,0.0,1191.3333333333333,0.07958138499220663,0
9966,6090,120,0.0,50.75,0.005092313867148304,0
24713,532,180,1.0,2.9555555555555557,0.00011959517482926216,1
17272,8842,120,1.0,73.68333333333334,0.004266056816427359,1
16733,3702,24,1.0,154.25,0.009218311121735493,1
9692,3389,24,0.0,141.20833333333334,0.014569576282844958,0
17448,14949,12,0.0,1245.75,0.07139786795048143,0
9265,10414,12,1.0,867.8333333333334,0.09366792588595071,1
24478,5669,240,0.0,23.620833333333334,0.0009649821608519215,0
9726,2259,36,0.0,62.75,0.006451778737404894,0
6401,7133,180,1.0,39.62777777777778,0.006190872953878735,1
23433,8044,24,0.0,335.1666666666667,0.014303190657050598,0
2055,12256,24,0.0,510.6666666666667,0.24849959448499595,0
4758,8123,24,1.0,338.4583333333333,0.07113458035589183,1
14295,3388,180,0.0,18.822222222222223,0.001316699700750068,0
15798,4254,180,0.0,23.633333333333333,0.0014959699540026163,0
20150,13154,360,1.0,36.53888888888889,0.0018133443617314585,1
7954,9543,36,1.0,265.0833333333333,0.03332704718799765,1
6349,7434,360,0.0,20.65,0.0032524807056229323,0
23809,1014,36,1.0,28.166666666666668,0.0011830260265725846,1
6146,14259,180,1.0,79.21666666666667,0.01288914198936978,1
17161,12251,120,1.0,102.09166666666667,0.0059490511430957795,1
10786,2221,12,0.0,185.08333333333334,0.0171595895914457,0
10275,746,60,0.0,12.433333333333334,0.0012100567721005677,0
16942,7406,36,0.0,205.72222222222223,0.012142735345426882,0
24865,12938,60,1.0,215.63333333333333,0.00867216301360681,1
13826,5060,180,0.0,28.11111111111111,0.0020332063583907937,0
8111,6736,120,0.0,56.13333333333333,0.006920642748530802,0
2819,10988,180,0.0,61.044444444444444,0.021654645067202712,0
15329,6279,180,1.0,34.88333333333333,0.002275643116532933,1
12430,11171,240,1.0,46.545833333333334,0.0037446366318047734,1
16311,3687,180,1.0,20.483333333333334,0.0012557987452230602,1
8649,13416,24,0.0,559.0,0.06463174933518326,0
15503,13499,360,0.0,37.49722222222222,0.0024187074903065354,0
5950,11763,60,1.0,196.05,0.03294957983193277,1
2951,3541,12,1.0,295.0833333333333,0.09999435219699536,1
21797,5073,180,1.0,28.183333333333334,0.0012929913902524812,1
18909,10375,240,0.0,43.229166666666664,0.0022861688437604668,0
8744,14608,12,0.0,1217.3333333333333,0.13921927416895394,0
10191,3246,180,1.0,18.033333333333335,0.0017695352108069212,1
18852,11582,180,1.0,64.34444444444445,0.003413136242544263,1
19685,7063,120,0.0,58.858333333333334,0.00299000931335196,0
8391,11378,12,1.0,948.1666666666666,0.11299805346998767,1
5932,662,60,1.0,11.033333333333333,0.0018599685322544391,1
22894,1954,12,0.0,162.83333333333334,0.007112489444104715,0
13331,13109,24,1.0,546.2083333333334,0.04097279523916686,1
3423,3811,360,0.0,10.58611111111111,0.003092641282825332,0
16632,1364,24,0.0,56.833333333333336,0.0034171075837742507,0
11683,8116,12,1.0,676.3333333333334,0.05789038203657736,1
12414,3759,12,1.0,313.25,0.025233607217657484,1
16194,1678,12,1.0,139.83333333333334,0.008634885348482977,1
2470,11370,24,1.0,473.75,0.19180161943319837,1
18750,6820,36,1.0,189.44444444444446,0.010103703703703705,1
23574,4059,180,1.0,22.55,0.0009565623144141851,1
8281,5514,60,1.0,91.9,0.011097693515275934,1
18518,10427,24,1.0,434.4583333333333,0.023461406919393742,1
20314,7100,60,0.0,118.33333333333333,0.00582521085622395,0
9778,2100,24,1.0,87.5,0.008948660257721416,1
23204,13104,360,0.0,36.4,0.0015686950525771418,0
14855,3421,24,0.0,142.54166666666666,0.009595534612363963,0
15624,2361,120,1.0,19.675,0.0012592805939580134,1
7258,1282,24,1.0,53.416666666666664,0.0073596950491411775,1
15972,10306,240,1.0,42.94166666666667,0.002688559145170716,1
5997,9543,12,0.0,795.25,0.13260797065199267,0
6014,14184,180,0.0,78.8,0.013102760226139008,0
12917,7143,180,1.0,39.68333333333333,0.0030721787824830324,1
20131,2568,180,1.0,14.266666666666667,0.0007086914046329873,1
19275,11892,360,1.0,33.03333333333333,0.0017137916126242973,1
17502,3735,36,1.0,103.75,0.005927893954976574,1
20351,14938,120,1.0,124.48333333333333,0.006116816536451936,1
20091,11608,36,0.0,322.44444444444446,0.01604919836964036,0
2273,13135,36,1.0,364.8611111111111,0.16051962653370483,1
8533,8438,24,0.0,351.5833333333333,0.04120278135864682,0
21580,1140,360,1.0,3.1666666666666665,0.0001467408093914118,1
8815,8326,240,1.0,34.69166666666667,0.003935526564567971,1
17832,12417,240,1.0,51.7375,0.0029013851502916106,1
10939,9859,360,0.0,27.386111111111113,0.002503529674660491,0
17294,5431,36,0.0,150.86111111111111,0.008723320869151794,0
10368,11073,24,0.0,461.375,0.04449990354938271,0
15972,10227,240,0.0,42.6125,0.0026679501627848734,0
14601,7315,24,0.0,304.7916666666667,0.02087471177773212,0
24351,3355,36,1.0,93.19444444444444,0.003827130074512112,1
14623,8216,180,0.0,45.644444444444446,0.0031214145144255246,0
19537,3776,60,1.0,62.93333333333333,0.003221238334101107,1
18174,2243,12,0.0,186.91666666666666,0.01028483914750009,0
20524,7187,360,0.0,19.96388888888889,0.0009727094566794431,0
12878,7566,60,0.0,126.1,0.00979189315111042,0
20273,12667,240,0.0,52.77916666666667,0.002603421628109637,0
9510,6007,240,0.0,25.029166666666665,0.0026318787241500175,0
11337,5838,24,0.0,243.25,0.02145629355208609,0
5006,6165,60,0.0,102.75,0.020525369556532162,0
7619,13191,180,1.0,73.28333333333333,0.009618497615610098,1
12718,11363,60,0.0,189.38333333333333,0.014890968181579912,0
10878,4787,120,0.0,39.891666666666666,0.0036671875957590243,0
14513,3275,12,1.0,272.9166666666667,0.01880497944371713,1
14689,7549,36,0.0,209.69444444444446,0.014275610623217676,0
10583,3881,240,1.0,16.170833333333334,0.0015280008819175408,1
24873,7268,12,0.0,605.6666666666666,0.024350366528632116,0
15427,14218,12,1.0,1184.8333333333333,0.07680257557096865,1
3401,10671,24,1.0,444.625,0.13073360776242282,1
18018,12463,24,0.0,519.2916666666666,0.028820716320716318,0
16363,8750,360,1.0,24.305555555555557,0.0014853972716222916,1
16630,5379,180,1.0,29.883333333333333,0.0017969532972539586,1
23664,5661,180,1.0,31.45,0.001329022988505747,1
23748,9834,24,0.0,409.75,0.017254084554488798,0
7682,6194,240,1.0,25.808333333333334,0.0033595851774711446,1
13884,11202,36,1.0,311.1666666666667,0.022411888984922693,1
17268,8140,36,0.0,226.11111111111111,0.01309422695802126,0
21919,9808,24,1.0,408.6666666666667,0.018644402877260217,1
13286,2648,360,0.0,7.355555555555555,0.0005536320604813755,0
23028,4791,36,1.0,133.08333333333334,0.0057791963406867005,1
23459,6903,360,1.0,19.175,0.0008173835201841512,1
10837,6850,60,0.0,114.16666666666667,0.01053489588139399,0
3155,4413,360,1.0,12.258333333333333,0.003885367142102483,1
23381,12260,120,1.0,102.16666666666667,0.004369644868340391,1
6891,9687,12,1.0,807.25,0.11714555216949644,1
8741,1933,24,1.0,80.54166666666667,0.00921423940815315,1
18933,9254,180,0.0,51.41111111111111,0.0027154233936043477,0
10194,14733,180,1.0,81.85,0.008029232882087503,1
8613,13817,36,1.0,383.80555555555554,0.044561193028625976,1
4450,4325,180,1.0,24.02777777777778,0.005399500624219725,1
15064,6487,12,0.0,540.5833333333334,0.03588577624358294,0
16768,8971,240,1.0,37.37916666666667,0.002229196485368957,1
18923,14853,240,1.0,61.8875,0.0032704909369550283,1
11502,2810,180,1.0,15.61111111111111,0.001357251878900288,1
7319,915,120,1.0,7.625,0.0010418089902992213,1
5652,8220,24,0.0,342.5,0.060598018400566174,0
6146,13592,360,0.0,37.75555555555555,0.006143110243338033,0
20295,6438,36,1.0,178.83333333333334,0.008811694177547836,1
22780,2864,24,0.0,119.33333333333333,0.00523851331577407,0
9127,8049,240,0.0,33.5375,0.0036745370877615865,0
10743,5729,240,0.0,23.870833333333334,0.0022219895125508084,0
14185,2308,60,1.0,38.46666666666667,0.0027117847491481615,1
19161,3688,36,1.0,102.44444444444444,0.005346508243016776,1
24260,8588,60,1.0,143.13333333333333,0.005899972519923056,1
23678,2256,60,1.0,37.6,0.0015879719570909706,1
19792,12086,360,1.0,33.57222222222222,0.0016962521332974042,1
24372,13981,240,1.0,58.25416666666667,0.0023902087094480008,1
17706,11148,24,1.0,464.5,0.026234044956511916,1
18541,9760,12,0.0,813.3333333333334,0.04386674577063445,0
20713,8409,360,0.0,23.358333333333334,0.0011277136741820756,0
20706,1057,36,0.0,29.36111111111111,0.0014180001502516716,0
8667,7311,360,1.0,20.308333333333334,0.0023431791084958273,1
17534,3601,36,0.0,100.02777777777777,0.005704789424990178,0
23077,9493,120,1.0,79.10833333333333,0.0034280163510566077,1
19637,3172,60,1.0,52.86666666666667,0.0026921967035018926,1
14999,11756,60,1.0,195.93333333333334,0.013063093095095228,1
23158,901,24,0.0,37.541666666666664,0.0016211100555603535,0
9296,3771,360,1.0,10.475,0.001126828743545611,1
20947,7484,180,1.0,41.577777777777776,0.001984903698752937,1
13437,1697,24,1.0,70.70833333333333,0.005262211307087395,1
7614,5842,360,0.0,16.227777777777778,0.0021313078247672417,0
10654,11999,12,1.0,999.9166666666666,0.09385363869595144,1
6055,8345,60,0.0,139.08333333333334,0.022969997247453897,0
10942,12865,24,1.0,536.0416666666666,0.04898936818375677,1
4862,3609,240,0.0,15.0375,0.0030928630193336076,0
2919,1825,360,1.0,5.069444444444445,0.001736705873396521,1
17783,4869,12,0.0,405.75,0.022816735084069055,0
15347,9571,12,1.0,797.5833333333334,0.05196998327577594,1
24229,2683,180,0.0,14.905555555555555,0.0006151948308042245,0
24165,5943,24,0.0,247.625,0.010247258431615974,0
20424,4839,36,1.0,134.41666666666666,0.006581309570440005,1
11813,14473,24,0.0,603.0416666666666,0.05104898558085724,0
12312,7442,240,0.0,31.008333333333333,0.0025185455923760016,0
8174,10379,60,0.0,172.98333333333332,0.021162629475572955,0
19822,7489,36,1.0,208.02777777777777,0.010494792542517293,1
7083,4994,360,0.0,13.872222222222222,0.0019585235383625895,0
22325,5124,36,1.0,142.33333333333334,0.00637551325121314,1
23864,12296,360,0.0,34.15555555555556,0.0014312586136253586,0
19481,4820,60,1.0,80.33333333333333,0.004123676060434954,1
10711,2682,24,1.0,111.75,0.010433199514517785,1
11481,8014,240,0.0,33.391666666666666,0.0029084284179659147,0
7795,8133,180,0.0,45.18333333333333,0.0057964507162711135,0
15082,14799,12,0.0,1233.25,0.08176965919639305,0
12480,13972,12,0.0,1164.3333333333333,0.09329594017094016,0
21846,6224,24,1.0,259.3333333333333,0.011870975617199181,1
17888,9927,240,1.0,41.3625,0.0023123043381037566,1
4155,10597,180,0.0,58.87222222222222,0.014169006551678031,0
4182,12209,240,1.0,50.87083333333333,0.012164235612944364,1
21527,9732,360,1.0,27.033333333333335,0.001255787305863954,1
6797,8993,24,1.0,374.7083333333333,0.05512848805845716,1
10098,13185,12,1.0,1098.75,0.10880867498514557,1
20555,1333,240,0.0,5.554166666666666,0.00027021000567582906,0
12893,6583,24,0.0,274.2916666666667,0.021274464179528944,0
21712,5153,180,1.0,28.627777777777776,0.0013185232948497501,1
19504,10609,12,1.0,884.0833333333334,0.04532830872299699,1
15215,6177,36,0.0,171.58333333333334,0.011277248329499398,0
11602,8973,12,1.0,747.75,0.06445009481123944,1
8470,13275,36,0.0,368.75,0.04353600944510035,0
16949,9917,240,0.0,41.32083333333333,0.0024379511082266406,0
17563,10656,240,1.0,44.4,0.0025280419062802483,1
14336,11286,240,0.0,47.025,0.003280203683035714,0
23037,5184,24,0.0,216.0,0.009376220862091418,0
18045,5764,360,1.0,16.011111111111113,0.0008872879529571135,1
11038,4413,120,1.0,36.775,0.0033316724044210907,1
4421,14602,240,0.0,60.84166666666667,0.013761969388524467,0
6242,7042,36,1.0,195.61111111111111,0.03133789027733276,1
2391,7454,24,1.0,310.5833333333333,0.12989683535480273,1
20681,13716,360,0.0,38.1,0.0018422706832358204,0
15024,7877,36,1.0,218.80555555555554,0.014563735060939532,1
21295,5301,36,1.0,147.25,0.006914768725052829,1
7953,10539,360,1.0,29.275,0.0036810008801710045,1
15163,12897,360,1.0,35.825,0.002362659104398866,1
11685,14676,240,0.0,61.15,0.005233204963628583,0
16124,11835,24,1.0,493.125,0.030583291987099977,1
8111,10610,180,1.0,58.94444444444444,0.0072672228386690225,1
7403,12636,180,1.0,70.2,0.009482642172092395,1
8189,2768,180,0.0,15.377777777777778,0.0018778578309656586,0
20238,8331,180,1.0,46.28333333333333,0.002286951938597358,1
24629,11352,12,0.0,946.0,0.03841000446627959,0
7805,11638,24,1.0,484.9166666666667,0.06212897715139868,1
8624,4306,24,1.0,179.41666666666666,0.02080434446505875,1
19245,7482,24,1.0,311.75,0.01619901273057937,1
20296,10562,240,1.0,44.00833333333333,0.0021683254500065694,1
7477,7045,36,0.0,195.69444444444446,0.026172856017713582,0
22397,3277,60,0.0,54.61666666666667,0.0024385706419014453,0
15955,14399,180,1.0,79.99444444444444,0.0050137539607925065,1
15248,3326,240,0.0,13.858333333333333,0.0009088623644630989,0
14063,5710,360,1.0,15.86111111111111,0.0011278611328387337,1
12970,2217,36,0.0,61.583333333333336,0.004748136725777436,0
14030,8542,120,1.0,71.18333333333334,0.005073651698740794,1
19035,7686,120,0.0,64.05,0.0033648542159180456,0
6440,12864,180,1.0,71.46666666666667,0.011097308488612836,1
12381,8265,240,0.0,34.4375,0.00278147968661659,0
22072,11507,360,1.0,31.96388888888889,0.0014481645926462889,1
10610,7162,12,0.0,596.8333333333334,0.05625196355639334,0
20581,693,24,0.0,28.875,0.0014029930518439338,0
5319,715,24,1.0,29.791666666666668,0.005600990161057843,1
16583,8447,24,1.0,351.9583333333333,0.02122404470441617,1
16943,12078,12,1.0,1006.5,0.059405064038245886,1
18073,12739,60,1.0,212.31666666666666,0.011747726811634298,1
14604,5932,360,1.0,16.477777777777778,0.0011283057914117899,1
23146,9975,120,1.0,83.125,0.0035913332757279877,1
15648,14611,60,0.0,243.51666666666668,0.015562159168370825,0
15025,1894,360,1.0,5.261111111111111,0.0003501571454982437,1
3141,11796,24,1.0,491.5,0.15647882839859917,1
22740,14049,120,1.0,117.075,0.005148416886543536,1
21478,14796,60,0.0,246.6,0.011481515969829593,0
7771,14097,120,1.0,117.475,0.015117102046068717,1
5652,3825,36,1.0,106.25,0.018798655343241332,1
21827,12179,240,1.0,50.74583333333333,0.00232491104289794,1
6858,4190,12,1.0,349.1666666666667,0.05091377466705551,1
13799,8388,180,0.0,46.6,0.003377056308428147,0
18624,9052,60,1.0,150.86666666666667,0.008100658648339061,1
20355,5163,36,1.0,143.41666666666666,0.007045770899860804,1
16314,928,120,1.0,7.733333333333333,0.00047403048506395326,1
17650,2151,12,0.0,179.25,0.010155807365439093,0
3111,7276,180,0.0,40.422222222222224,0.012993321190042503,0
16086,7139,24,1.0,297.4583333333333,0.01849175266277094,1
13684,6200,24,0.0,258.3333333333333,0.018878495566598458,0
23306,4819,360,0.0,13.386111111111111,0.0005743633017725526,0
22340,4805,180,0.0,26.694444444444443,0.0011949169402168506,0
17667,12477,360,0.0,34.65833333333333,0.0019617554385766307,0
16531,963,12,1.0,80.25,0.004854515758272337,1
7894,11360,24,0.0,473.3333333333333,0.05996115192973566,0
21396,8469,12,0.0,705.75,0.03298513740886147,0
12431,10574,60,1.0,176.23333333333332,0.014176923283189874,1
23709,10748,24,0.0,447.8333333333333,0.01888874829530277,0
6009,14714,12,0.0,1226.1666666666667,0.20405502856825875,0
7213,8315,240,1.0,34.645833333333336,0.004803248763806091,1
4887,7392,360,0.0,20.533333333333335,0.004201623354477867,0
23169,5413,360,1.0,15.036111111111111,0.0006489754029570164,1
15615,525,240,0.0,2.1875,0.00014008965738072368,0
23345,13428,60,0.0,223.8,0.00958663525380167,0
13551,11389,24,1.0,474.5416666666667,0.035018940791577496,1
13798,7876,36,1.0,218.77777777777777,0.0158557600940555,1
11180,10074,240,0.0,41.975,0.0037544722719141327,0
16932,11908,120,0.0,99.23333333333333,0.005860697692731711,0
24911,4149,24,1.0,172.875,0.006939705351049737,1
2287,8403,12,0.0,700.25,0.30618714473108877,0
19854,6642,180,1.0,36.9,0.0018585675430643697,1
5002,8503,60,1.0,141.71666666666667,0.028332000533120086,1
2276,12855,240,0.0,53.5625,0.02353361159929701,0
4962,1925,60,1.0,32.083333333333336,0.006465806798334006,1
3114,10897,12,1.0,908.0833333333334,0.29161314493684437,1
24836,14708,36,0.0,408.55555555555554,0.016450135108534207,0
7647,5530,120,0.0,46.083333333333336,0.006026328407654418,0
22062,4719,120,1.0,39.325,0.0017824766566947694,1
10717,4932,12,1.0,411.0,0.03835028459456938,1
5942,2221,12,1.0,185.08333333333334,0.031148322674744756,1
13158,2510,180,0.0,13.944444444444445,0.001059769299623381,0
17365,14119,360,1.0,39.21944444444444,0.002258534088364206,1
9287,6343,240,0.0,26.429166666666667,0.0028458239115609634,0
11346,9652,360,0.0,26.81111111111111,0.002363045223965372,0
18876,13047,240,1.0,54.3625,0.0028799798686162323,1
2775,5683,36,0.0,157.86111111111111,0.05688688688688689,0
20995,4795,36,1.0,133.19444444444446,0.0063441030933291,1
16835,14904,120,1.0,124.2,0.007377487377487378,1
24029,10902,12,1.0,908.5,0.03780848141828624,1
15754,1627,36,1.0,45.19444444444444,0.0028687599621965497,1
22477,13064,180,1.0,72.57777777777778,0.0032289797471983708,1
13586,6956,120,0.0,57.96666666666667,0.004266647038618185,0
3042,14722,240,0.0,61.34166666666667,0.020164913434144203,0
24224,3473,60,1.0,57.88333333333333,0.0023895035226772347,1
11786,11317,240,1.0,47.15416666666667,0.004000862605350981,1
18354,13226,60,0.0,220.43333333333334,0.012010097708038212,0
15520,14485,36,0.0,402.3611111111111,0.02592532932416953,0
16758,5756,24,0.0,239.83333333333334,0.014311572582249275,0
4398,11026,12,0.0,918.8333333333334,0.208920721540094,0
12280,12478,12,1.0,1039.8333333333333,0.08467698154180238,1
24921,7513,24,1.0,313.0416666666667,0.012561360566055403,1
6064,12309,180,1.0,68.38333333333334,0.01127693491644679,1
15289,5179,24,0.0,215.79166666666666,0.014114177949288159,0
7278,14763,60,0.0,246.05,0.03380736466062105,0
2590,673,120,0.0,5.608333333333333,0.0021653796653796653,0
20314,14608,12,1.0,1217.3333333333333,0.0599258311181123,1
9383,2578,24,0.0,107.41666666666667,0.01144800881025969,0
19149,10298,36,0.0,286.05555555555554,0.014938406995433471,0
10392,5009,360,0.0,13.91388888888889,0.0013389038576682919,0
13341,3706,240,1.0,15.441666666666666,0.0011574594608100342,1
11192,13935,24,1.0,580.625,0.051878573981415294,1
23974,6107,180,0.0,33.92777777777778,0.0014151905304820964,0
19064,2843,180,0.0,15.794444444444444,0.0008284958269221802,0
13024,7440,240,0.0,31.0,0.0023802211302211304,0
22851,4640,120,1.0,38.666666666666664,0.0016921214242994471,1
3334,14118,36,1.0,392.1666666666667,0.11762647470505899,1
24549,13222,60,1.0,220.36666666666667,0.00897660461390145,1
2437,8878,60,1.0,147.96666666666667,0.06071672821775407,1
3433,942,120,0.0,7.85,0.002286629769880571,0
5245,7378,36,0.0,204.94444444444446,0.03907425060904565,0
12417,11462,120,1.0,95.51666666666667,0.007692410941988134,1
7448,2794,12,1.0,232.83333333333334,0.03126118868600072,1
19391,6277,60,1.0,104.61666666666666,0.005395114572052326,1
3908,10772,36,1.0,299.22222222222223,0.07656658705788695,1
16301,12930,60,1.0,215.5,0.013220047849825164,1
10833,13163,180,0.0,73.12777777777778,0.006750464116844621,0
20256,4373,360,0.0,12.147222222222222,0.0005996851413024399,0
20102,5929,12,0.0,494.0833333333333,0.024578814711637316,0
20776,744,180,1.0,4.133333333333334,0.0001989475035297138,1
23538,13763,36,1.0,382.30555555555554,0.0162420577600287,1
19335,4702,36,0.0,130.61111111111111,0.006755164784645002,0
21366,14641,240,1.0,61.00416666666667,0.0028551982901182564,1
20252,12480,24,0.0,520.0,0.02567647639739285,0
12068,12760,12,0.0,1063.3333333333333,0.08811181084962987,0
4265,1460,240,0.0,6.083333333333333,0.001426338413442751,0
19556,10647,24,0.0,443.625,0.022684853753323787,0
7474,3100,240,0.0,12.916666666666666,0.0017282133618767282,0
12355,8812,36,0.0,244.77777777777777,0.01981204190835919,0
6956,551,240,0.0,2.2958333333333334,0.0003300507954763274,0
12252,8613,360,0.0,23.925,0.0019527424094025465,0
12348,6110,60,0.0,101.83333333333333,0.008246949573480185,0
15991,10948,120,0.0,91.23333333333333,0.005705292560398557,0
8751,10808,120,0.0,90.06666666666666,0.010292157086809126,0
22209,1561,60,0.0,26.016666666666666,0.001171447010971528,0
5401,12561,24,0.0,523.375,0.09690335123125347,0
21056,1241,36,1.0,34.47222222222222,0.0016371686085781831,1
21203,12728,120,0.0,106.06666666666666,0.005002436762093414,0
17975,940,24,1.0,39.166666666666664,0.0021789522484932777,1
20551,7371,24,1.0,307.125,0.014944528246800643,1
9517,13818,240,1.0,57.575,0.006049700535883157,1
6108,5510,12,1.0,459.1666666666667,0.0751746343593102,1
19495,13915,120,1.0,115.95833333333333,0.005948106352056082,1
16558,3076,36,1.0,85.44444444444444,0.005160311900256338,1
17088,5724,12,1.0,477.0,0.027914325842696628,1
2418,3411,36,1.0,94.75,0.0391852770885029,1
19379,12123,120,0.0,101.025,0.005213117291913928,0
13193,13234,12,0.0,1102.8333333333333,0.0835923090527805,0
2571,13682,12,1.0,1140.1666666666667,0.44347206015817453,0
12546,5400,240,1.0,22.5,0.001793400286944046,1
2688,7647,12,1.0,637.25,0.23707217261904762,1
10369,6058,240,1.0,25.241666666666667,0.002434339537724628,1
11142,3136,360,1.0,8.71111111111111,0.0007818265222680947,1
2128,5796,360,0.0,16.1,0.0075657894736842115,0
22029,6701,24,0.0,279.2083333333333,0.012674580477249685,0
14708,11947,12,0.0,995.5833333333334,0.06768991931828483,0
12319,12661,120,1.0,105.50833333333334,0.00856468328056931,1
12561,14145,12,0.0,1178.75,0.09384205079213438,0
17513,2038,120,1.0,16.983333333333334,0.0009697558004529968,1
10484,6887,12,0.0,573.9166666666666,0.05474214676332188,0
14595,3182,360,0.0,8.838888888888889,0.0006056107494956416,0
19044,14817,60,0.0,246.95,0.01296733879437093,0
24770,3082,36,1.0,85.61111111111111,0.00345624186964518,1
22392,10830,120,0.0,90.25,0.004030457306180779,0
10026,12279,240,0.0,51.1625,0.005102982246159985,0
23147,8523,12,0.0,710.25,0.03068432194236834,0
18452,6367,12,1.0,530.5833333333334,0.02875478719560662,1
6928,8985,60,0.0,149.75,0.021615184757505772,0
5629,4360,60,1.0,72.66666666666667,0.012909338544442471,1
17558,9734,240,0.0,40.55833333333333,0.0023099631696852337,0
10729,14798,240,0.0,61.65833333333333,0.0057468853885108894,0
11078,5670,60,1.0,94.5,0.008530420653547572,1
23836,10177,60,0.0,169.61666666666667,0.007115987022431057,0
17101,9420,36,1.0,261.6666666666667,0.015301249439603922,1
24978,12726,36,0.0,353.5,0.014152454159660502,0
22762,4088,360,0.0,11.355555555555556,0.0004988821525154009,0
20426,9898,120,1.0,82.48333333333333,0.004038153986748914,1
4021,8422,24,0.0,350.9166666666667,0.08727099394843738,0
15271,13255,36,1.0,368.19444444444446,0.024110696381667504,1
5879,4397,60,0.0,73.28333333333333,0.012465271871633498,0
16965,8222,360,0.0,22.83888888888889,0.001346235714051806,0
24102,2935,24,0.0,122.29166666666667,0.005073921942853982,0
14170,14861,240,0.0,61.920833333333334,0.0043698541519642435,0
9372,14921,360,1.0,41.44722222222222,0.004422452221747996,1
7032,14511,240,1.0,60.4625,0.008598193970420933,1
7858,8297,60,0.0,138.28333333333333,0.017597777212182912,0
23008,2041,36,0.0,56.69444444444444,0.002464118760624324,0
20037,3801,24,1.0,158.375,0.007904127364375905,1
24847,12116,12,0.0,1009.6666666666666,0.04063535503950846,0
20511,10238,240,1.0,42.65833333333333,0.0020797783303268163,1
23532,12890,180,0.0,71.61111111111111,0.0030431374770997412,0
23848,11419,240,0.0,47.579166666666666,0.00199510091691826,0
4738,1371,120,1.0,11.425,0.002411355002110595,1
2980,8530,12,1.0,710.8333333333334,0.23853467561521255,1
17248,8289,24,0.0,345.375,0.020024060760667903,0
8239,11555,360,0.0,32.09722222222222,0.0038957667462340357,0
20599,11309,12,0.0,942.4166666666666,0.045750602780070225,0
13309,8751,12,0.0,729.25,0.0547937485911789,0
3152,12721,60,0.0,212.01666666666668,0.06726417089678512,0
8924,14168,180,0.0,78.71111111111111,0.008820160366552119,0
18958,11139,60,0.0,185.65,0.00979269965186201,0
20029,4046,240,1.0,16.858333333333334,0.0008416962071662756,1
2258,1776,360,0.0,4.933333333333334,0.0021848243283141425,0
18927,9321,180,1.0,51.78333333333333,0.002735950405945651,1
14318,10168,24,1.0,423.6666666666667,0.02958979373283047,1
20859,12582,360,0.0,34.95,0.001675535739968359,0
14047,11254,120,0.0,93.78333333333333,0.006676395908972259,0
12647,6535,360,0.0,18.15277777777778,0.0014353425933247236,0
6517,11965,360,1.0,33.236111111111114,0.005099909638040681,1
5764,6859,12,1.0,571.5833333333334,0.09916435345824659,1
8607,8883,24,0.0,370.125,0.0430027884280237,0
6026,10371,36,0.0,288.0833333333333,0.04780672640778847,0
23231,5031,240,1.0,20.9625,0.0009023503077783995,1
22179,9235,120,1.0,76.95833333333333,0.0034698739047447284,1
6834,6307,36,1.0,175.19444444444446,0.025635710337202876,1
18052,14493,60,1.0,241.55,0.013380788832262354,1
5603,9225,36,1.0,256.25,0.045734427985008035,1
10094,11361,24,0.0,473.375,0.04689667128987517,0
20170,10508,60,0.0,175.13333333333333,0.008682862336803834,0
6833,8844,240,1.0,36.85,0.005392945997365725,1
5004,8330,24,0.0,347.0833333333333,0.06936117772448708,0
11296,5323,36,1.0,147.86111111111111,0.013089687598363237,1
7380,14062,180,0.0,78.12222222222222,0.010585666967780788,0
20931,3423,360,1.0,9.508333333333333,0.0004542703804564203,1
20729,644,240,0.0,2.683333333333333,0.0001294482769710711,0
8881,8600,120,0.0,71.66666666666667,0.008069661824869572,0
2957,9769,60,1.0,162.81666666666666,0.05506143614023221,1
8105,4878,120,0.0,40.65,0.005015422578655151,0
18934,1858,12,1.0,154.83333333333334,0.00817752896024788,1
